{
	"info": {
		"_postman_id": "76938653-fd13-4e78-af25-6ecb7676c9a1",
		"name": "souscription",
		"schema": "https://schema.getpostman.com/json/collection/v2.1.0/collection.json",
		"_exporter_id": "4246011"
	},
	"item": [
		{
			"name": "functionality",
			"item": [
				{
					"name": "create",
					"request": {
						"method": "POST",
						"header": [
							{
								"key": "lang",
								"value": "fr",
								"type": "text"
							}
						],
						"body": {
							"mode": "raw",
							"raw": "{\r\n    \"datas\": [\r\n        {\r\n            \"code\": \"COF\",\r\n            \"libelle\": \"Compte-view\"\r\n        }\r\n    ]\r\n}",
							"options": {
								"raw": {
									"language": "json"
								}
							}
						},
						"url": {
							"raw": "http://localhost:8080/functionality/create",
							"protocol": "http",
							"host": [
								"localhost"
							],
							"port": "8080",
							"path": [
								"functionality",
								"create"
							]
						}
					},
					"response": [
						{
							"name": "create",
							"originalRequest": {
								"method": "POST",
								"header": [
									{
										"key": "lang",
										"value": "fr",
										"type": "text"
									}
								],
								"body": {
									"mode": "raw",
									"raw": "{\r\n    \"datas\": [\r\n        {\r\n            \"code\": \"COF\",\r\n            \"libelle\": \"Compte-view\"\r\n        }\r\n    ]\r\n}",
									"options": {
										"raw": {
											"language": "json"
										}
									}
								},
								"url": {
									"raw": "http://localhost:8080/functionality/create",
									"protocol": "http",
									"host": [
										"localhost"
									],
									"port": "8080",
									"path": [
										"functionality",
										"create"
									]
								}
							},
							"status": "OK",
							"code": 200,
							"_postman_previewlanguage": "json",
							"header": [
								{
									"key": "Vary",
									"value": "Origin"
								},
								{
									"key": "Vary",
									"value": "Access-Control-Request-Method"
								},
								{
									"key": "Vary",
									"value": "Access-Control-Request-Headers"
								},
								{
									"key": "Content-Type",
									"value": "application/json"
								},
								{
									"key": "Transfer-Encoding",
									"value": "chunked"
								},
								{
									"key": "Date",
									"value": "Fri, 20 May 2022 09:28:19 GMT"
								},
								{
									"key": "Keep-Alive",
									"value": "timeout=60"
								},
								{
									"key": "Connection",
									"value": "keep-alive"
								}
							],
							"cookie": [],
							"body": "{\n    \"status\": {\n        \"code\": \"800\",\n        \"message\": \"Operation effectuee avec succes: \"\n    },\n    \"hasError\": false,\n    \"items\": [\n        {\n            \"code\": \"COF\",\n            \"createdAt\": \"20/05/2022\",\n            \"id\": 4,\n            \"isDeleted\": false,\n            \"libelle\": \"Compte-view\"\n        }\n    ]\n}"
						}
					]
				},
				{
					"name": "get-by-criteria",
					"request": {
						"method": "POST",
						"header": [],
						"body": {
							"mode": "raw",
							"raw": "{\r\n    \"index\":0,\r\n    \"size\":10,\r\n    \"data\":{\r\n          \r\n    }\r\n}",
							"options": {
								"raw": {
									"language": "json"
								}
							}
						},
						"url": {
							"raw": "http://localhost:8080/functionality/getByCriteria",
							"protocol": "http",
							"host": [
								"localhost"
							],
							"port": "8080",
							"path": [
								"functionality",
								"getByCriteria"
							]
						}
					},
					"response": [
						{
							"name": "get-by-criteria",
							"originalRequest": {
								"method": "POST",
								"header": [],
								"body": {
									"mode": "raw",
									"raw": "{\r\n    \"index\":0,\r\n    \"size\":10,\r\n    \"data\":{\r\n          \r\n    }\r\n}",
									"options": {
										"raw": {
											"language": "json"
										}
									}
								},
								"url": {
									"raw": "http://localhost:8080/functionality/getByCriteria",
									"protocol": "http",
									"host": [
										"localhost"
									],
									"port": "8080",
									"path": [
										"functionality",
										"getByCriteria"
									]
								}
							},
							"status": "OK",
							"code": 200,
							"_postman_previewlanguage": "json",
							"header": [
								{
									"key": "Vary",
									"value": "Origin"
								},
								{
									"key": "Vary",
									"value": "Access-Control-Request-Method"
								},
								{
									"key": "Vary",
									"value": "Access-Control-Request-Headers"
								},
								{
									"key": "Content-Type",
									"value": "application/json"
								},
								{
									"key": "Transfer-Encoding",
									"value": "chunked"
								},
								{
									"key": "Date",
									"value": "Fri, 20 May 2022 09:29:16 GMT"
								},
								{
									"key": "Keep-Alive",
									"value": "timeout=60"
								},
								{
									"key": "Connection",
									"value": "keep-alive"
								}
							],
							"cookie": [],
							"body": "{\n    \"status\": {\n        \"code\": \"800\",\n        \"message\": \"Operation effectuee avec succes: \"\n    },\n    \"hasError\": false,\n    \"count\": 4,\n    \"items\": [\n        {\n            \"code\": \"COF\",\n            \"createdAt\": \"20/05/2022\",\n            \"id\": 4,\n            \"isDeleted\": false,\n            \"libelle\": \"Compte-view\"\n        },\n        {\n            \"code\": \"CF\",\n            \"createdAt\": \"20/05/2022\",\n            \"id\": 3,\n            \"isDeleted\": false,\n            \"libelle\": \"Client-view\"\n        },\n        {\n            \"code\": \"AF\",\n            \"createdAt\": \"20/05/2022\",\n            \"id\": 2,\n            \"isDeleted\": false,\n            \"libelle\": \"Agence-view\"\n        },\n        {\n            \"code\": \"UF\",\n            \"createdAt\": \"20/05/2022\",\n            \"id\": 1,\n            \"isDeleted\": false,\n            \"libelle\": \"User-view\"\n        }\n    ]\n}"
						}
					]
				},
				{
					"name": "update",
					"request": {
						"method": "PUT",
						"header": [],
						"body": {
							"mode": "raw",
							"raw": "{\r\n    \"datas\": [\r\n        {\r\n            \"id\":4,\r\n            \"code\": \"COF\",\r\n            \"libellex\": \"Compte-view\"\r\n        }\r\n    ]\r\n}",
							"options": {
								"raw": {
									"language": "json"
								}
							}
						},
						"url": {
							"raw": "http://localhost:8080/functionality/update",
							"protocol": "http",
							"host": [
								"localhost"
							],
							"port": "8080",
							"path": [
								"functionality",
								"update"
							]
						}
					},
					"response": [
						{
							"name": "update",
							"originalRequest": {
								"method": "PUT",
								"header": [],
								"body": {
									"mode": "raw",
									"raw": "{\r\n    \"datas\": [\r\n        {\r\n            \"id\":4,\r\n            \"code\": \"COF\",\r\n            \"libellex\": \"Compte-view\"\r\n        }\r\n    ]\r\n}",
									"options": {
										"raw": {
											"language": "json"
										}
									}
								},
								"url": {
									"raw": "http://localhost:8080/functionality/update",
									"protocol": "http",
									"host": [
										"localhost"
									],
									"port": "8080",
									"path": [
										"functionality",
										"update"
									]
								}
							},
							"status": "OK",
							"code": 200,
							"_postman_previewlanguage": "json",
							"header": [
								{
									"key": "Vary",
									"value": "Origin"
								},
								{
									"key": "Vary",
									"value": "Access-Control-Request-Method"
								},
								{
									"key": "Vary",
									"value": "Access-Control-Request-Headers"
								},
								{
									"key": "Content-Type",
									"value": "application/json"
								},
								{
									"key": "Transfer-Encoding",
									"value": "chunked"
								},
								{
									"key": "Date",
									"value": "Fri, 20 May 2022 09:41:29 GMT"
								},
								{
									"key": "Keep-Alive",
									"value": "timeout=60"
								},
								{
									"key": "Connection",
									"value": "keep-alive"
								}
							],
							"cookie": [],
							"body": "{\n    \"status\": {\n        \"code\": \"800\",\n        \"message\": \"Operation effectuee avec succes: \"\n    },\n    \"hasError\": false,\n    \"items\": [\n        {\n            \"code\": \"COF\",\n            \"createdAt\": \"20/05/2022\",\n            \"id\": 4,\n            \"isDeleted\": false,\n            \"libelle\": \"Compte-view\",\n            \"updatedAt\": \"20/05/2022\"\n        }\n    ]\n}"
						}
					]
				},
				{
					"name": "delete",
					"request": {
						"method": "DELETE",
						"header": [],
						"body": {
							"mode": "raw",
							"raw": "{\r\n    \"datas\": [\r\n        {\r\n            \"id\":4,\r\n            \"code\": \"COF\",\r\n            \"libellex\": \"Compte-view\"\r\n        }\r\n    ]\r\n}",
							"options": {
								"raw": {
									"language": "json"
								}
							}
						},
						"url": {
							"raw": "http://localhost:8080/functionality/delete",
							"protocol": "http",
							"host": [
								"localhost"
							],
							"port": "8080",
							"path": [
								"functionality",
								"delete"
							]
						}
					},
					"response": [
						{
							"name": "delete",
							"originalRequest": {
								"method": "DELETE",
								"header": [],
								"body": {
									"mode": "raw",
									"raw": "{\r\n    \"datas\": [\r\n        {\r\n            \"id\":4,\r\n            \"code\": \"COF\",\r\n            \"libellex\": \"Compte-view\"\r\n        }\r\n    ]\r\n}",
									"options": {
										"raw": {
											"language": "json"
										}
									}
								},
								"url": {
									"raw": "http://localhost:8080/functionality/delete",
									"protocol": "http",
									"host": [
										"localhost"
									],
									"port": "8080",
									"path": [
										"functionality",
										"delete"
									]
								}
							},
							"status": "OK",
							"code": 200,
							"_postman_previewlanguage": "json",
							"header": [
								{
									"key": "Vary",
									"value": "Origin"
								},
								{
									"key": "Vary",
									"value": "Access-Control-Request-Method"
								},
								{
									"key": "Vary",
									"value": "Access-Control-Request-Headers"
								},
								{
									"key": "Content-Type",
									"value": "application/json"
								},
								{
									"key": "Transfer-Encoding",
									"value": "chunked"
								},
								{
									"key": "Date",
									"value": "Fri, 20 May 2022 10:27:37 GMT"
								},
								{
									"key": "Keep-Alive",
									"value": "timeout=60"
								},
								{
									"key": "Connection",
									"value": "keep-alive"
								}
							],
							"cookie": [],
							"body": "{\n    \"status\": {\n        \"code\": \"800\",\n        \"message\": \"Operation effectuee avec succes: \"\n    },\n    \"hasError\": false\n}"
						}
					]
				}
			]
		},
		{
			"name": "role",
			"item": [
				{
					"name": "create",
					"request": {
						"method": "POST",
						"header": [],
						"body": {
							"mode": "raw",
							"raw": "{\r\n    \"datas\": [\r\n        {\r\n            \"code\": \"GESC\",\r\n            \"libelle\": \"GESTIONNAIRE\",\r\n            \"datasFonctionnalite\": [\r\n               \r\n                {\r\n                    \"id\": 3\r\n                }\r\n            ]\r\n        }\r\n    ]\r\n}",
							"options": {
								"raw": {
									"language": "json"
								}
							}
						},
						"url": {
							"raw": "http://localhost:8080/role/create",
							"protocol": "http",
							"host": [
								"localhost"
							],
							"port": "8080",
							"path": [
								"role",
								"create"
							]
						}
					},
					"response": []
				},
				{
					"name": "get-by-criteria",
					"request": {
						"method": "POST",
						"header": [],
						"body": {
							"mode": "raw",
							"raw": "{\r\n    \"index\": 0,\r\n    \"size\": 10,\r\n    \"data\": {}\r\n}",
							"options": {
								"raw": {
									"language": "json"
								}
							}
						},
						"url": {
							"raw": "http://localhost:8080/roles/getByCriteria",
							"protocol": "http",
							"host": [
								"localhost"
							],
							"port": "8080",
							"path": [
								"roles",
								"getByCriteria"
							]
						}
					},
					"response": [
						{
							"name": "get-by-criteria",
							"originalRequest": {
								"method": "POST",
								"header": [],
								"body": {
									"mode": "raw",
									"raw": "{\r\n    \"index\": 0,\r\n    \"size\": 10,\r\n    \"data\": {}\r\n}",
									"options": {
										"raw": {
											"language": "json"
										}
									}
								},
								"url": {
									"raw": "http://localhost:8080/role/getByCriteria",
									"protocol": "http",
									"host": [
										"localhost"
									],
									"port": "8080",
									"path": [
										"role",
										"getByCriteria"
									]
								}
							},
							"status": "OK",
							"code": 200,
							"_postman_previewlanguage": "json",
							"header": [
								{
									"key": "Vary",
									"value": "Origin"
								},
								{
									"key": "Vary",
									"value": "Access-Control-Request-Method"
								},
								{
									"key": "Vary",
									"value": "Access-Control-Request-Headers"
								},
								{
									"key": "Content-Type",
									"value": "application/json"
								},
								{
									"key": "Transfer-Encoding",
									"value": "chunked"
								},
								{
									"key": "Date",
									"value": "Fri, 20 May 2022 11:02:23 GMT"
								},
								{
									"key": "Keep-Alive",
									"value": "timeout=60"
								},
								{
									"key": "Connection",
									"value": "keep-alive"
								}
							],
							"cookie": [],
							"body": "{\n    \"status\": {\n        \"code\": \"800\",\n        \"message\": \"Operation effectuee avec succes: \"\n    },\n    \"hasError\": false,\n    \"count\": 1,\n    \"items\": [\n        {\n            \"code\": \"COF\",\n            \"createdAt\": \"20/05/2022\",\n            \"datasFonctionnalite\": [\n                {\n                    \"code\": \"UF\",\n                    \"createdAt\": \"20/05/2022\",\n                    \"id\": 1,\n                    \"isDeleted\": false,\n                    \"libelle\": \"User-view\"\n                },\n                {\n                    \"code\": \"AF\",\n                    \"createdAt\": \"20/05/2022\",\n                    \"id\": 2,\n                    \"isDeleted\": false,\n                    \"libelle\": \"Agence-view\"\n                },\n                {\n                    \"code\": \"CF\",\n                    \"createdAt\": \"20/05/2022\",\n                    \"id\": 3,\n                    \"isDeleted\": false,\n                    \"libelle\": \"Client-view\"\n                }\n            ],\n            \"id\": 5,\n            \"isDeleted\": false,\n            \"libelle\": \"Compte-view\"\n        }\n    ]\n}"
						}
					]
				},
				{
					"name": "update",
					"request": {
						"method": "PUT",
						"header": [],
						"body": {
							"mode": "raw",
							"raw": "{\r\n    \"datas\": [\r\n        {\r\n            \"id\": 5,\r\n            \"code\": \"ADM\",\r\n            \"libelle\": \"ADMINISTRATEUR\",\r\n            \"datasFonctionnalite\": [\r\n                {\r\n                    \"id\": 1\r\n                },\r\n                {\r\n                    \"id\": 2\r\n                },\r\n                {\r\n                    \"id\": 3\r\n                }\r\n            ]\r\n        }\r\n    ]\r\n}",
							"options": {
								"raw": {
									"language": "json"
								}
							}
						},
						"url": {
							"raw": "http://localhost:8080/role/update",
							"protocol": "http",
							"host": [
								"localhost"
							],
							"port": "8080",
							"path": [
								"role",
								"update"
							]
						}
					},
					"response": [
						{
							"name": "update",
							"originalRequest": {
								"method": "PUT",
								"header": [],
								"body": {
									"mode": "raw",
									"raw": "{\r\n    \"datas\": [\r\n        {\r\n            \"id\": 5,\r\n            \"code\": \"ADM\",\r\n            \"libelle\": \"ADMINISTRATEUR\",\r\n            \"datasFonctionnalite\": [\r\n                {\r\n                    \"id\": 1\r\n                },\r\n                {\r\n                    \"id\": 2\r\n                },\r\n                {\r\n                    \"id\": 3\r\n                }\r\n            ]\r\n        }\r\n    ]\r\n}",
									"options": {
										"raw": {
											"language": "json"
										}
									}
								},
								"url": {
									"raw": "http://localhost:8080/role/update",
									"protocol": "http",
									"host": [
										"localhost"
									],
									"port": "8080",
									"path": [
										"role",
										"update"
									]
								}
							},
							"status": "OK",
							"code": 200,
							"_postman_previewlanguage": "json",
							"header": [
								{
									"key": "Vary",
									"value": "Origin"
								},
								{
									"key": "Vary",
									"value": "Access-Control-Request-Method"
								},
								{
									"key": "Vary",
									"value": "Access-Control-Request-Headers"
								},
								{
									"key": "Content-Type",
									"value": "application/json"
								},
								{
									"key": "Transfer-Encoding",
									"value": "chunked"
								},
								{
									"key": "Date",
									"value": "Fri, 20 May 2022 11:04:37 GMT"
								},
								{
									"key": "Keep-Alive",
									"value": "timeout=60"
								},
								{
									"key": "Connection",
									"value": "keep-alive"
								}
							],
							"cookie": [],
							"body": "{\n    \"status\": {\n        \"code\": \"800\",\n        \"message\": \"Operation effectuee avec succes: \"\n    },\n    \"hasError\": false,\n    \"items\": [\n        {\n            \"code\": \"ADM\",\n            \"createdAt\": \"20/05/2022\",\n            \"datasFonctionnalite\": [\n                {\n                    \"code\": \"UF\",\n                    \"createdAt\": \"20/05/2022\",\n                    \"id\": 1,\n                    \"isDeleted\": false,\n                    \"libelle\": \"User-view\"\n                },\n                {\n                    \"code\": \"AF\",\n                    \"createdAt\": \"20/05/2022\",\n                    \"id\": 2,\n                    \"isDeleted\": false,\n                    \"libelle\": \"Agence-view\"\n                },\n                {\n                    \"code\": \"CF\",\n                    \"createdAt\": \"20/05/2022\",\n                    \"id\": 3,\n                    \"isDeleted\": false,\n                    \"libelle\": \"Client-view\"\n                }\n            ],\n            \"id\": 5,\n            \"isDeleted\": false,\n            \"libelle\": \"ADMINISTRATEUR\",\n            \"updatedAt\": \"20/05/2022\"\n        }\n    ]\n}"
						}
					]
				},
				{
					"name": "forceDelete",
					"request": {
						"method": "DELETE",
						"header": [],
						"body": {
							"mode": "raw",
							"raw": "{\r\n    \"datas\": [\r\n        {\r\n            \"id\": 17\r\n        }\r\n    ]\r\n}",
							"options": {
								"raw": {
									"language": "json"
								}
							}
						},
						"url": {
							"raw": "http://localhost:8080/role/forceDelete",
							"protocol": "http",
							"host": [
								"localhost"
							],
							"port": "8080",
							"path": [
								"role",
								"forceDelete"
							]
						}
					},
					"response": [
						{
							"name": "forceDelete",
							"originalRequest": {
								"method": "DELETE",
								"header": [],
								"body": {
									"mode": "raw",
									"raw": "{\r\n    \"datas\": [\r\n        {\r\n            \"id\": 17\r\n        }\r\n    ]\r\n}",
									"options": {
										"raw": {
											"language": "json"
										}
									}
								},
								"url": {
									"raw": "http://localhost:8080/role/forceDelete",
									"protocol": "http",
									"host": [
										"localhost"
									],
									"port": "8080",
									"path": [
										"role",
										"forceDelete"
									]
								}
							},
							"status": "OK",
							"code": 200,
							"_postman_previewlanguage": "json",
							"header": [
								{
									"key": "Vary",
									"value": "Origin"
								},
								{
									"key": "Vary",
									"value": "Access-Control-Request-Method"
								},
								{
									"key": "Vary",
									"value": "Access-Control-Request-Headers"
								},
								{
									"key": "Content-Type",
									"value": "application/json"
								},
								{
									"key": "Transfer-Encoding",
									"value": "chunked"
								},
								{
									"key": "Date",
									"value": "Fri, 20 May 2022 11:17:05 GMT"
								},
								{
									"key": "Keep-Alive",
									"value": "timeout=60"
								},
								{
									"key": "Connection",
									"value": "keep-alive"
								}
							],
							"cookie": [],
							"body": "{\n    \"status\": {\n        \"code\": \"800\",\n        \"message\": \"Operation effectuee avec succes: \"\n    },\n    \"hasError\": false\n}"
						}
					]
				}
			]
		},
		{
			"name": "agence",
			"item": [
				{
					"name": "create",
					"request": {
						"method": "POST",
						"header": [],
						"body": {
							"mode": "raw",
							"raw": "{\r\n    \"datas\": [\r\n        {\r\n            \"code\": \"abatta\",\r\n            \"address\": \"Agence Abatta\"\r\n        },\r\n        {\r\n            \"code\": \"abobm\",\r\n            \"address\": \"Agence Abobo Mairie\"\r\n        },\r\n        {\r\n            \"code\": \"abobsm\",\r\n            \"address\": \"Agence Abobo Samake\"\r\n        },\r\n        {\r\n            \"code\": \"aboisso\",\r\n            \"address\": \"Agence Aboisso\"\r\n        },\r\n        {\r\n            \"code\": \"adjamlib\",\r\n            \"address\": \"Agence Adjame Liberté\"\r\n        },\r\n        {\r\n            \"code\": \"adjamnao\",\r\n            \"address\": \"Agence Adjame Nangui Abrogoua\"\r\n        },\r\n        {\r\n            \"code\": \"aghien\",\r\n            \"address\": \"Agence Aghien\"\r\n        },\r\n        {\r\n            \"code\": \"akwaba\",\r\n            \"address\": \"Agence Akwaba\"\r\n        }\r\n    ]\r\n}",
							"options": {
								"raw": {
									"language": "json"
								}
							}
						},
						"url": {
							"raw": "http://localhost:8080/agences",
							"protocol": "http",
							"host": [
								"localhost"
							],
							"port": "8080",
							"path": [
								"agences"
							]
						}
					},
					"response": []
				},
				{
					"name": "update",
					"request": {
						"method": "PUT",
						"header": [],
						"body": {
							"mode": "raw",
							"raw": "{\r\n    \"datas\":[\r\n        {\r\n            \"id\": 2,\r\n            \"address\":\"abobo\"\r\n        }\r\n    ]\r\n}",
							"options": {
								"raw": {
									"language": "json"
								}
							}
						},
						"url": {
							"raw": "localhost:8080/agence",
							"host": [
								"localhost"
							],
							"port": "8080",
							"path": [
								"agence"
							]
						}
					},
					"response": []
				},
				{
					"name": "delete",
					"request": {
						"method": "POST",
						"header": [],
						"body": {
							"mode": "raw",
							"raw": "{\r\n    \"datas\":[\r\n        {\r\n            \"id\": 2\r\n        }\r\n    ]\r\n}",
							"options": {
								"raw": {
									"language": "json"
								}
							}
						},
						"url": {
							"raw": "localhost:8080/agence/delete",
							"host": [
								"localhost"
							],
							"port": "8080",
							"path": [
								"agence",
								"delete"
							]
						}
					},
					"response": []
				},
				{
					"name": "getByCriteria",
					"request": {
						"method": "POST",
						"header": [],
						"body": {
							"mode": "raw",
							"raw": "{\r\n    \"data\":{}\r\n}",
							"options": {
								"raw": {
									"language": "json"
								}
							}
						},
						"url": {
							"raw": "localhost:8080/agences/getByCriteria",
							"host": [
								"localhost"
							],
							"port": "8080",
							"path": [
								"agences",
								"getByCriteria"
							]
						}
					},
					"response": []
				}
			]
		},
		{
			"name": "type-carte",
			"item": [
				{
					"name": "create",
					"request": {
						"method": "POST",
						"header": [],
						"body": {
							"mode": "raw",
							"raw": "{\r\n    \"datas\":[\r\n        {\r\n            \"code\":\"6\",\r\n            \"typeGen\":\"CARTE VISA CLASSIC\",\r\n            \"codeProduit\":\"007\",\r\n            \"identifiantProduit\":\"007\",\r\n            \"identifiantGroupe\":\"SGTB12\",\r\n            \"codeTarif\":\"00\",\r\n            \"accCountry\":\"CI\",\r\n            \"bin\":\"48898900\",\r\n            \"typeCarte\":\"VISA CLASSIC GRATUIT\",\r\n            \"produit\":\"CG\",\r\n            \"codeBanque\":\"60002\",\r\n            \"identifiantInstitution\":\"2006600019\",\r\n            \"business\":\"CARTE BANCAIRE SGT\",\r\n            \"devise\":\"950\",\r\n            \"pays\":\"Côte d'Ivoire\",\r\n            \"type\":\"PUCE\"\r\n        }\r\n    ]\r\n}",
							"options": {
								"raw": {
									"language": "json"
								}
							}
						},
						"url": {
							"raw": "localhost:8080/typeCartes",
							"host": [
								"localhost"
							],
							"port": "8080",
							"path": [
								"typeCartes"
							]
						}
					},
					"response": [
						{
							"name": "create",
							"originalRequest": {
								"method": "POST",
								"header": [],
								"body": {
									"mode": "raw",
									"raw": "{\r\n    \"datas\":[\r\n        {\r\n            \"code\":\"6\",\r\n            \"typeGen\":\"CARTE VISA CLASSIC\",\r\n            \"codeProduit\":\"007\",\r\n            \"identifiantProduit\":\"007\",\r\n            \"identifiantGroupe\":\"SGTB12\",\r\n            \"codeTarif\":\"00\",\r\n            \"accCountry\":\"CI\",\r\n            \"bin\":\"48898900\",\r\n            \"typeCarte\":\"VISA CLASSIC GRATUIT\",\r\n            \"produit\":\"CG\",\r\n            \"codeBanque\":\"60002\",\r\n            \"identifiantInstitution\":\"2006600019\",\r\n            \"business\":\"CARTE BANCAIRE SGT\",\r\n            \"devise\":\"950\",\r\n            \"pays\":\"Côte d'Ivoire\",\r\n            \"type\":\"PUCE\"\r\n        }\r\n    ]\r\n}",
									"options": {
										"raw": {
											"language": "json"
										}
									}
								},
								"url": {
									"raw": "localhost:8080/typeCartes",
									"host": [
										"localhost"
									],
									"port": "8080",
									"path": [
										"typeCartes"
									]
								}
							},
							"status": "OK",
							"code": 200,
							"_postman_previewlanguage": "json",
							"header": [
								{
									"key": "Vary",
									"value": "Origin"
								},
								{
									"key": "Vary",
									"value": "Access-Control-Request-Method"
								},
								{
									"key": "Vary",
									"value": "Access-Control-Request-Headers"
								},
								{
									"key": "Content-Type",
									"value": "application/json"
								},
								{
									"key": "Transfer-Encoding",
									"value": "chunked"
								},
								{
									"key": "Date",
									"value": "Wed, 08 Jun 2022 08:47:40 GMT"
								},
								{
									"key": "Keep-Alive",
									"value": "timeout=60"
								},
								{
									"key": "Connection",
									"value": "keep-alive"
								}
							],
							"cookie": [],
							"body": "{\n    \"status\": {\n        \"code\": \"800\",\n        \"message\": \"Operation effectuee avec succes: \"\n    },\n    \"hasError\": false,\n    \"items\": [\n        {\n            \"accCountry\": \"CI\",\n            \"bin\": \"48898900\",\n            \"business\": \"CARTE BANCAIRE SGT\",\n            \"code\": \"6\",\n            \"codeBanque\": \"60002\",\n            \"codeProduit\": \"007\",\n            \"codeTarif\": \"00\",\n            \"createdAt\": \"08/06/2022\",\n            \"devise\": \"950\",\n            \"id\": 28,\n            \"identifiantGroupe\": \"SGTB12\",\n            \"identifiantInstitution\": \"2006600019\",\n            \"identifiantProduit\": \"007\",\n            \"isDeleted\": false,\n            \"pays\": \"Côte d'Ivoire\",\n            \"produit\": \"CG\",\n            \"type\": \"PUCE\",\n            \"typeCarte\": \"VISA CLASSIC GRATUIT\",\n            \"typeGen\": \"CARTE VISA CLASSIC\"\n        }\n    ]\n}"
						}
					]
				},
				{
					"name": "update",
					"request": {
						"method": "PUT",
						"header": [],
						"body": {
							"mode": "raw",
							"raw": "{\r\n    \"datas\":[\r\n        {\r\n            \"id\":\"\",\r\n            \"code\":\"6\",\r\n            \"typeGen\":\"CARTE VISA CLASSIC\",\r\n            \"codeProduit\":\"007\",\r\n            \"identifiantProduit\":\"007\",\r\n            \"identifiantGroupe\":\"SGTB12\",\r\n            \"codeTarif\":\"00\",\r\n            \"accCountry\":\"CI\",\r\n            \"bin\":\"48898900\",\r\n            \"typeCarte\":\"VISA CLASSIC GRATUIT\",\r\n            \"produit\":\"CG\",\r\n            \"codeBanque\":\"60002\",\r\n            \"identifiantInstitution\":\"2006600019\",\r\n            \"business\":\"CARTE BANCAIRE SGT\",\r\n            \"devise\":\"950\",\r\n            \"pays\":\"Côte d'Ivoire\",\r\n            \"type\":\"PUCE\"\r\n        }\r\n    ]\r\n}",
							"options": {
								"raw": {
									"language": "json"
								}
							}
						},
						"url": {
							"raw": "localhost:8080/typeCartes",
							"host": [
								"localhost"
							],
							"port": "8080",
							"path": [
								"typeCartes"
							]
						}
					},
					"response": []
				},
				{
					"name": "get-by-criteria",
					"request": {
						"method": "POST",
						"header": [],
						"body": {
							"mode": "raw",
							"raw": "{\r\n    \"data\":\r\n        {\r\n            \"id\":\"\",\r\n            \"code\":\"6\"\r\n        }\r\n    \r\n}",
							"options": {
								"raw": {
									"language": "json"
								}
							}
						},
						"url": {
							"raw": "localhost:8080/typeCartes/getByCriteria",
							"host": [
								"localhost"
							],
							"port": "8080",
							"path": [
								"typeCartes",
								"getByCriteria"
							]
						}
					},
					"response": []
				},
				{
					"name": "delete",
					"request": {
						"method": "DELETE",
						"header": [],
						"body": {
							"mode": "raw",
							"raw": "{\r\n    \"datas\":[\r\n        {\r\n            \"id\":\"\"\r\n        }\r\n    ]\r\n}",
							"options": {
								"raw": {
									"language": "json"
								}
							}
						},
						"url": {
							"raw": "localhost:8080/typeCartes",
							"host": [
								"localhost"
							],
							"port": "8080",
							"path": [
								"typeCartes"
							]
						}
					},
					"response": []
				}
			]
		},
		{
			"name": "login",
			"request": {
				"method": "POST",
				"header": [
					{
						"key": "Authorization",
						"value": "Bearer eyJhbGciOiJIUzI1NiJ9.eyJpZCI6MTUsImxvZ2luIjoiY2hhcmx5Iiwic3ViIjoia2Fzc2kiLCJqdGkiOiJkOWQ2ODQ4NC1jMDMyLTQ5YmQtODMyZC1iNmUxNDhjNmQ4OWEiLCJpYXQiOjE2NTE4MzQ5NDAsImV4cCI6MTY1MTgzNTI0MH0.bK8fNWBQBev7AWotaNIDW6AEcwix5IWJ0ooApmegy3Q",
						"type": "text",
						"disabled": true
					}
				],
				"body": {
					"mode": "raw",
					"raw": "{\r\n    \"data\":{\r\n        \"login\":\"charly\",\r\n        \"password\":\"123\"\r\n    }\r\n}",
					"options": {
						"raw": {
							"language": "json"
						}
					}
				},
				"url": {
					"raw": "http://localhost:8080/Users/login",
					"protocol": "http",
					"host": [
						"localhost"
					],
					"port": "8080",
					"path": [
						"Users",
						"login"
					]
				}
			},
			"response": []
		},
		{
			"name": "create USER",
			"request": {
				"method": "POST",
				"header": [
					{
						"key": "Authorization",
						"value": "Bearer eyJhbGciOiJIUzI1NiJ9.eyJpZCI6MTUsImxvZ2luIjoiY2hhcmx5Iiwic3ViIjoia2Fzc2kiLCJqdGkiOiIxNSIsImlhdCI6MTY1MjE5Nzc1MCwiZXhwIjoxNjUyMTk4MDUwfQ.U2pHdiEhTAS9XbHGJ2dQ6y5ltZS4KDe4DSkXD-cjdco",
						"type": "text"
					}
				],
				"body": {
					"mode": "raw",
					"raw": "{\r\n    \"datas\":[\r\n        {\r\n            \"nomPrenoms\":\"arudo thierry\",\r\n            \"login\":\"arudo\",\r\n            \"roleId\":5,\r\n            \"agenceId\":26,\r\n            \"isActif\":true\r\n        }\r\n    ]\r\n}",
					"options": {
						"raw": {
							"language": "json"
						}
					}
				},
				"url": {
					"raw": "localhost:8080/Users",
					"host": [
						"localhost"
					],
					"port": "8080",
					"path": [
						"Users"
					]
				}
			},
			"response": []
		},
		{
			"name": "delete USER",
			"request": {
				"method": "POST",
				"header": [],
				"body": {
					"mode": "raw",
					"raw": "{\r\n    \"datas\":[\r\n        {\r\n            \"id\":6\r\n        }\r\n    ]\r\n}",
					"options": {
						"raw": {
							"language": "json"
						}
					}
				},
				"url": {
					"raw": "localhost:8080/Users/delete",
					"host": [
						"localhost"
					],
					"port": "8080",
					"path": [
						"Users",
						"delete"
					]
				}
			},
			"response": []
		},
		{
			"name": "getByCriteria USER",
			"request": {
				"method": "POST",
				"header": [
					{
						"key": "Authorization",
						"value": "Bearer eyJhbGciOiJIUzI1NiJ9.eyJpZCI6MTUsImxvZ2luIjoiY2hhcmx5Iiwic3ViIjoia2Fzc2kiLCJqdGkiOiIxNSIsImlhdCI6MTY1MjM2ODk2MiwiZXhwIjoxNjUyMzcwNzYyfQ.gpo1THyaw9hmkW7E9nba4Nti2_Wvx6g95iTrMuVUqjk",
						"type": "text"
					}
				],
				"body": {
					"mode": "raw",
					"raw": "{\r\n    \"data\": {}\r\n}",
					"options": {
						"raw": {
							"language": "json"
						}
					}
				},
				"url": {
					"raw": "localhost:8080/Users/getByCriteria",
					"host": [
						"localhost"
					],
					"port": "8080",
					"path": [
						"Users",
						"getByCriteria"
					],
					"query": [
						{
							"key": "",
							"value": "",
							"disabled": true
						}
					]
				}
			},
			"response": []
		},
		{
			"name": "update USER",
			"request": {
				"method": "PUT",
				"header": [],
				"body": {
					"mode": "raw",
					"raw": "{\r\n    \"datas\":[\r\n        {\r\n            \"id\":9,\r\n            \"password\":\"nanok\"\r\n\r\n        }\r\n        \r\n    ]\r\n}",
					"options": {
						"raw": {
							"language": "json"
						}
					}
				},
				"url": {
					"raw": "http://localhost:8080/Users/update",
					"protocol": "http",
					"host": [
						"localhost"
					],
					"port": "8080",
					"path": [
						"Users",
						"update"
					]
				}
			},
			"response": []
		},
		{
			"name": "create ROLE",
			"request": {
				"method": "POST",
				"header": [],
				"body": {
					"mode": "raw",
					"raw": "{\r\n    \"datas\":[\r\n        {\r\n            \"code\": \"08\",\r\n            \"libelle\":\"ADMIN\"\r\n        }\r\n    ]\r\n}",
					"options": {
						"raw": {
							"language": "json"
						}
					}
				},
				"url": {
					"raw": "localhost:8080/role/create",
					"host": [
						"localhost"
					],
					"port": "8080",
					"path": [
						"role",
						"create"
					]
				}
			},
			"response": []
		},
		{
			"name": "delete ROLE",
			"request": {
				"method": "POST",
				"header": [],
				"body": {
					"mode": "raw",
					"raw": "{\r\n    \"datas\":[\r\n        {\r\n            \"id\":4\r\n        }\r\n    ]\r\n}",
					"options": {
						"raw": {
							"language": "json"
						}
					}
				},
				"url": {
					"raw": "localhost:8080/role/delete",
					"host": [
						"localhost"
					],
					"port": "8080",
					"path": [
						"role",
						"delete"
					]
				}
			},
			"response": []
		},
		{
			"name": "force Delete ROLE",
			"request": {
				"method": "POST",
				"header": [],
				"body": {
					"mode": "raw",
					"raw": "{\r\n    \"datas\":[\r\n        {\r\n            \"id\":4\r\n        }\r\n    ]\r\n}",
					"options": {
						"raw": {
							"language": "json"
						}
					}
				},
				"url": {
					"raw": "localhost:8080/role/forceDelete",
					"host": [
						"localhost"
					],
					"port": "8080",
					"path": [
						"role",
						"forceDelete"
					]
				}
			},
			"response": []
		},
		{
			"name": "getByCriteria ROLE",
			"request": {
				"method": "POST",
				"header": [],
				"body": {
					"mode": "raw",
					"raw": "{\r\n    \"data\":{\r\n    }\r\n}",
					"options": {
						"raw": {
							"language": "json"
						}
					}
				},
				"url": {
					"raw": "localhost:8080/role/getByCriteria",
					"host": [
						"localhost"
					],
					"port": "8080",
					"path": [
						"role",
						"getByCriteria"
					]
				}
			},
			"response": []
		},
		{
			"name": "update ROLE",
			"request": {
				"method": "PUT",
				"header": [],
				"body": {
					"mode": "raw",
					"raw": "{\r\n    \"datas\":[\r\n        {\r\n            \"id\":4,\r\n            \"code\":\"directeur\"\r\n        },\r\n        {\r\n            \"id\":8,\r\n            \"code\":\"directeur\"\r\n        }\r\n    ]\r\n}",
					"options": {
						"raw": {
							"language": "json"
						}
					}
				},
				"url": {
					"raw": "localhost:8080/role/update",
					"host": [
						"localhost"
					],
					"port": "8080",
					"path": [
						"role",
						"update"
					]
				}
			},
			"response": []
		},
		{
			"name": "create FUNCTIONALITY",
			"request": {
				"method": "POST",
				"header": [],
				"body": {
					"mode": "raw",
					"raw": "{\r\n    \"datas\":[\r\n        {\r\n            \"code\": \"F2\",\r\n            \"libelle\":\"create\"\r\n        }\r\n    ]\r\n}",
					"options": {
						"raw": {
							"language": "json"
						}
					}
				},
				"url": {
					"raw": "localhost:8080/functionality/create",
					"host": [
						"localhost"
					],
					"port": "8080",
					"path": [
						"functionality",
						"create"
					]
				}
			},
			"response": []
		},
		{
			"name": "delete FUNCTIONALITY",
			"request": {
				"method": "POST",
				"header": [],
				"body": {
					"mode": "raw",
					"raw": "{\r\n    \"datas\":[\r\n        {\r\n            \"id\":\"11\"\r\n        }\r\n    ]\r\n}",
					"options": {
						"raw": {
							"language": "json"
						}
					}
				},
				"url": {
					"raw": "localhost:8080/functionality/delete",
					"host": [
						"localhost"
					],
					"port": "8080",
					"path": [
						"functionality",
						"delete"
					]
				}
			},
			"response": []
		},
		{
			"name": "force delete FUNCTIONALITY",
			"request": {
				"method": "POST",
				"header": [],
				"body": {
					"mode": "raw",
					"raw": "{\r\n    \"datas\":[\r\n        {\r\n            \"id\":11\r\n        }\r\n    ]\r\n}",
					"options": {
						"raw": {
							"language": "json"
						}
					}
				},
				"url": {
					"raw": "localhost:8080/functionality/forceDelete",
					"host": [
						"localhost"
					],
					"port": "8080",
					"path": [
						"functionality",
						"forceDelete"
					]
				}
			},
			"response": []
		},
		{
			"name": "getByCriteria FUNCTIONALITY",
			"request": {
				"method": "POST",
				"header": [],
				"body": {
					"mode": "raw",
					"raw": "{\r\n    \"data\":{}\r\n}",
					"options": {
						"raw": {
							"language": "json"
						}
					}
				},
				"url": {
					"raw": "localhost:8080/functionality/getByCriteria",
					"host": [
						"localhost"
					],
					"port": "8080",
					"path": [
						"functionality",
						"getByCriteria"
					]
				}
			},
			"response": []
		},
		{
			"name": "update FUNCTIONALITY",
			"request": {
				"method": "PUT",
				"header": [],
				"body": {
					"mode": "raw",
					"raw": "{\r\n    \"datas\":[\r\n        {\r\n            \"id\":10,\r\n            \"libelle\":\"agence\"\r\n        }\r\n    ]\r\n}",
					"options": {
						"raw": {
							"language": "json"
						}
					}
				},
				"url": {
					"raw": "localhost:8080/functionality/update",
					"host": [
						"localhost"
					],
					"port": "8080",
					"path": [
						"functionality",
						"update"
					]
				}
			},
			"response": []
		},
		{
			"name": "create ROLE&&FUNCTIONALITY",
			"request": {
				"method": "POST",
				"header": [],
				"body": {
					"mode": "raw",
					"raw": "{\r\n    \"datas\":[\r\n        {\r\n            \"roleId\":7,\r\n            \"functionalityId\": 10\r\n        }\r\n    ]\r\n}",
					"options": {
						"raw": {
							"language": "json"
						}
					}
				},
				"url": {
					"raw": "localhost:8080/rolefunctionality/create",
					"host": [
						"localhost"
					],
					"port": "8080",
					"path": [
						"rolefunctionality",
						"create"
					]
				}
			},
			"response": []
		},
		{
			"name": "Delete ROLE&&FUNCTIONALITY",
			"request": {
				"method": "POST",
				"header": [],
				"body": {
					"mode": "raw",
					"raw": "{\r\n    \"datas\":[\r\n        {\r\n            \"id\":12\r\n        }    \r\n    ]\r\n}",
					"options": {
						"raw": {
							"language": "json"
						}
					}
				},
				"url": {
					"raw": "localhost:8080/rolefunctionality/delete",
					"host": [
						"localhost"
					],
					"port": "8080",
					"path": [
						"rolefunctionality",
						"delete"
					]
				}
			},
			"response": []
		},
		{
			"name": "getByCriteria ROLE&&FUNCTIONALITY",
			"request": {
				"method": "POST",
				"header": [],
				"body": {
					"mode": "raw",
					"raw": "{\r\n    \"data\":{}\r\n}",
					"options": {
						"raw": {
							"language": "json"
						}
					}
				},
				"url": {
					"raw": "localhost:8080/rolefunctionality/getByCriteria",
					"host": [
						"localhost"
					],
					"port": "8080",
					"path": [
						"rolefunctionality",
						"getByCriteria"
					]
				}
			},
			"response": []
		},
		{
			"name": "Update ROLE&&FUNCTIONALITY",
			"request": {
				"method": "PUT",
				"header": [],
				"body": {
					"mode": "raw",
					"raw": "{\r\n    \"datas\":[\r\n        {\r\n            \"id\":12,\r\n            \"roleId\":7\r\n        }\r\n    ]\r\n}",
					"options": {
						"raw": {
							"language": "json"
						}
					}
				},
				"url": {
					"raw": "localhost:8080/rolefunctionality/update",
					"host": [
						"localhost"
					],
					"port": "8080",
					"path": [
						"rolefunctionality",
						"update"
					]
				}
			},
			"response": []
		},
		{
			"name": "create TYPE CARTE",
			"request": {
				"method": "POST",
				"header": [
					{
						"key": "Authorization",
						"value": "Bearer eyJhbGciOiJIUzI1NiJ9.eyJpZCI6MTUsImxvZ2luIjoiY2hhcmx5Iiwic3ViIjoia2Fzc2kiLCJqdGkiOiIxNSIsImlhdCI6MTY1MjM2NTg2NCwiZXhwIjoxNjUyMzY2MTY0fQ.3d075hxdnysiX8v1EfINdSx44fC7NGsmJxMLNJugjko",
						"type": "text"
					}
				],
				"body": {
					"mode": "raw",
					"raw": "{\r\n    \"datas\":[\r\n        {\r\n            \"code\":\"C002\",\r\n            \"libelle\":\"carte verte\",\r\n            \"description\":\"carte ivoire\"\r\n        }\r\n    ]\r\n}",
					"options": {
						"raw": {
							"language": "json"
						}
					}
				},
				"url": {
					"raw": "localhost:8080/typeCarte/create",
					"host": [
						"localhost"
					],
					"port": "8080",
					"path": [
						"typeCarte",
						"create"
					]
				}
			},
			"response": []
		},
		{
			"name": "getByCriteria TYPE CARTE",
			"request": {
				"method": "POST",
				"header": [
					{
						"key": "Authorization",
						"value": "Bearer eyJhbGciOiJIUzI1NiJ9.eyJpZCI6MTUsImxvZ2luIjoiY2hhcmx5Iiwic3ViIjoia2Fzc2kiLCJqdGkiOiIxNSIsImlhdCI6MTY1MjM2ODk2MiwiZXhwIjoxNjUyMzcwNzYyfQ.gpo1THyaw9hmkW7E9nba4Nti2_Wvx6g95iTrMuVUqjk",
						"type": "text"
					}
				],
				"body": {
					"mode": "raw",
					"raw": "{\r\n    \"data\":{\r\n\r\n        \"idParam\":\"18\"\r\n    }\r\n}",
					"options": {
						"raw": {
							"language": "json"
						}
					}
				},
				"url": {
					"raw": "localhost:8080/typeCarte/getByCriteria",
					"host": [
						"localhost"
					],
					"port": "8080",
					"path": [
						"typeCarte",
						"getByCriteria"
					]
				}
			},
			"response": []
		},
		{
			"name": "delete TYPE CARTE",
			"request": {
				"method": "POST",
				"header": [
					{
						"key": "Authorization",
						"value": "Bearer eyJhbGciOiJIUzI1NiJ9.eyJpZCI6MTUsImxvZ2luIjoiY2hhcmx5Iiwic3ViIjoia2Fzc2kiLCJqdGkiOiIxNSIsImlhdCI6MTY1MjM2ODk2MiwiZXhwIjoxNjUyMzcwNzYyfQ.gpo1THyaw9hmkW7E9nba4Nti2_Wvx6g95iTrMuVUqjk",
						"type": "text"
					}
				],
				"body": {
					"mode": "raw",
					"raw": "{\r\n    \"datas\": [\r\n        {\r\n            \"id\": 18\r\n        }\r\n    ]\r\n}",
					"options": {
						"raw": {
							"language": "json"
						}
					}
				},
				"url": {
					"raw": "localhost:8080/typeCarte/delete",
					"host": [
						"localhost"
					],
					"port": "8080",
					"path": [
						"typeCarte",
						"delete"
					]
				}
			},
			"response": []
		},
		{
			"name": "Force delete TYPE CARTE",
			"request": {
				"method": "POST",
				"header": [
					{
						"key": "Authorization",
						"value": "Bearer eyJhbGciOiJIUzI1NiJ9.eyJpZCI6MTUsImxvZ2luIjoiY2hhcmx5Iiwic3ViIjoia2Fzc2kiLCJqdGkiOiIxNSIsImlhdCI6MTY1MjM2ODk2MiwiZXhwIjoxNjUyMzcwNzYyfQ.gpo1THyaw9hmkW7E9nba4Nti2_Wvx6g95iTrMuVUqjk",
						"type": "text"
					}
				],
				"body": {
					"mode": "raw",
					"raw": "{\r\n    \"datas\": [\r\n        {\r\n            \"id\": 18\r\n        }\r\n    ]\r\n}",
					"options": {
						"raw": {
							"language": "json"
						}
					}
				},
				"url": {
					"raw": "localhost:8080/typeCarte/forceDelete",
					"host": [
						"localhost"
					],
					"port": "8080",
					"path": [
						"typeCarte",
						"forceDelete"
					]
				}
			},
			"response": []
		},
		{
			"name": "update TYPE CARTE",
			"request": {
				"method": "PUT",
				"header": [
					{
						"key": "Authorization",
						"value": "Bearer eyJhbGciOiJIUzI1NiJ9.eyJpZCI6MTUsImxvZ2luIjoiY2hhcmx5Iiwic3ViIjoia2Fzc2kiLCJqdGkiOiIxNSIsImlhdCI6MTY1MjM2NzEzNCwiZXhwIjoxNjUyMzY4OTM0fQ.kOc4mrw5cAclUh1JHJwWrbKEcAbpyA1bzsKD5OPM0yk",
						"type": "text"
					}
				],
				"body": {
					"mode": "raw",
					"raw": "{\r\n    \"datas\":[\r\n        {\r\n            \"id\":18,\r\n            \"description\":\"maitre\",\r\n            \"version\": 0\r\n\r\n        }\r\n        \r\n    ]\r\n}",
					"options": {
						"raw": {
							"language": "json"
						}
					}
				},
				"url": {
					"raw": "localhost:8080/typeCarte/update",
					"host": [
						"localhost"
					],
					"port": "8080",
					"path": [
						"typeCarte",
						"update"
					]
				}
			},
			"response": []
		},
		{
			"name": "create TYPE COMPTE",
			"request": {
				"method": "POST",
				"header": [
					{
						"key": "Authorization",
						"value": "Bearer eyJhbGciOiJIUzI1NiJ9.eyJpZCI6MTUsImxvZ2luIjoiY2hhcmx5Iiwic3ViIjoia2Fzc2kiLCJqdGkiOiIxNSIsImlhdCI6MTY1MjM2ODk2MiwiZXhwIjoxNjUyMzcwNzYyfQ.gpo1THyaw9hmkW7E9nba4Nti2_Wvx6g95iTrMuVUqjk",
						"type": "text"
					}
				],
				"body": {
					"mode": "raw",
					"raw": "{\r\n    \"datas\":[\r\n        {\r\n            \"code\":\"Comp01\",\r\n            \"libelle\":\"carte verte\",\r\n            \"description\":\"carte ivoire\"\r\n        }\r\n    ]\r\n}",
					"options": {
						"raw": {
							"language": "json"
						}
					}
				},
				"url": {
					"raw": "localhost:8080/typeCompte/create",
					"host": [
						"localhost"
					],
					"port": "8080",
					"path": [
						"typeCompte",
						"create"
					]
				}
			},
			"response": []
		},
		{
			"name": "delete TYPE COMPTE",
			"request": {
				"method": "POST",
				"header": [
					{
						"key": "Authorization",
						"value": "Bearer eyJhbGciOiJIUzI1NiJ9.eyJpZCI6MTUsImxvZ2luIjoiY2hhcmx5Iiwic3ViIjoia2Fzc2kiLCJqdGkiOiIxNSIsImlhdCI6MTY1MjM3MDM4MywiZXhwIjoxNjUyMzcyMTgzfQ.Rp3fOFDX9KIIEkIMjaTgG7COAEz2IjK_k4WcBBPaG5k",
						"type": "text"
					}
				],
				"body": {
					"mode": "raw",
					"raw": "{\r\n    \"datas\": [\r\n        {\r\n            \"id\": 20\r\n        }\r\n    ]\r\n}",
					"options": {
						"raw": {
							"language": "json"
						}
					}
				},
				"url": {
					"raw": "localhost:8080/typeCompte/delete",
					"host": [
						"localhost"
					],
					"port": "8080",
					"path": [
						"typeCompte",
						"delete"
					]
				}
			},
			"response": []
		},
		{
			"name": "Force delete TYPE COMPTE",
			"request": {
				"method": "POST",
				"header": [
					{
						"key": "Authorization",
						"value": "Bearer eyJhbGciOiJIUzI1NiJ9.eyJpZCI6MTUsImxvZ2luIjoiY2hhcmx5Iiwic3ViIjoia2Fzc2kiLCJqdGkiOiIxNSIsImlhdCI6MTY1MjM3MDM4MywiZXhwIjoxNjUyMzcyMTgzfQ.Rp3fOFDX9KIIEkIMjaTgG7COAEz2IjK_k4WcBBPaG5k",
						"type": "text"
					}
				],
				"body": {
					"mode": "raw",
					"raw": "{\r\n    \"datas\": [\r\n        {\r\n            \"id\": 20\r\n        }\r\n    ]\r\n}",
					"options": {
						"raw": {
							"language": "json"
						}
					}
				},
				"url": {
					"raw": "localhost:8080/typeCompte/forceDelete",
					"host": [
						"localhost"
					],
					"port": "8080",
					"path": [
						"typeCompte",
						"forceDelete"
					]
				}
			},
			"response": []
		},
		{
			"name": "getByCriteria TYPE COMPTE",
			"request": {
				"method": "POST",
				"header": [
					{
						"key": "Authorization",
						"value": "Bearer eyJhbGciOiJIUzI1NiJ9.eyJpZCI6MTUsImxvZ2luIjoiY2hhcmx5Iiwic3ViIjoia2Fzc2kiLCJqdGkiOiIxNSIsImlhdCI6MTY1MjM3MDM4MywiZXhwIjoxNjUyMzcyMTgzfQ.Rp3fOFDX9KIIEkIMjaTgG7COAEz2IjK_k4WcBBPaG5k",
						"type": "text"
					}
				],
				"body": {
					"mode": "raw",
					"raw": "{\r\n    \"data\":{\r\n\r\n        \"idParam\":\"18\"\r\n    }\r\n}",
					"options": {
						"raw": {
							"language": "json"
						}
					}
				},
				"url": {
					"raw": "localhost:8080/typeCompte/getByCriteria",
					"host": [
						"localhost"
					],
					"port": "8080",
					"path": [
						"typeCompte",
						"getByCriteria"
					]
				}
			},
			"response": []
		},
		{
			"name": "update TYPE COMPTE",
			"request": {
				"method": "PUT",
				"header": [
					{
						"key": "Authorization",
						"value": "Bearer eyJhbGciOiJIUzI1NiJ9.eyJpZCI6MTUsImxvZ2luIjoiY2hhcmx5Iiwic3ViIjoia2Fzc2kiLCJqdGkiOiIxNSIsImlhdCI6MTY1MjM2ODk2MiwiZXhwIjoxNjUyMzcwNzYyfQ.gpo1THyaw9hmkW7E9nba4Nti2_Wvx6g95iTrMuVUqjk",
						"type": "text"
					}
				],
				"body": {
					"mode": "raw",
					"raw": "{\r\n    \"datas\":[\r\n        {\r\n            \"id\":21,\r\n            \"description\":\"maitre\",\r\n            \"version\": 0\r\n\r\n        }\r\n        \r\n    ]\r\n}",
					"options": {
						"raw": {
							"language": "json"
						}
					}
				},
				"url": {
					"raw": "localhost:8080/typeCompte/update",
					"host": [
						"localhost"
					],
					"port": "8080",
					"path": [
						"typeCompte",
						"update"
					]
				}
			},
			"response": []
		},
		{
			"name": "create COMPTE&&CARTE",
			"request": {
				"method": "POST",
				"header": [
					{
						"key": "Authorization",
						"value": "Bearer eyJhbGciOiJIUzI1NiJ9.eyJpZCI6MTUsImxvZ2luIjoiY2hhcmx5Iiwic3ViIjoia2Fzc2kiLCJqdGkiOiIxNSIsImlhdCI6MTY1MjQyOTAxOSwiZXhwIjoxNjUyNDMwODE5fQ.oVqP0N1x9YbTHPWB7GlrjvcUH2gYUIr115V3pWCQMDc",
						"type": "text"
					}
				],
				"body": {
					"mode": "raw",
					"raw": "{\r\n    \"datas\":[\r\n        {\r\n            \"typeCompteId\": 21,\r\n            \"typeCarteId\": 19\r\n        }\r\n    ]\r\n}",
					"options": {
						"raw": {
							"language": "json"
						}
					}
				},
				"url": {
					"raw": "localhost:8080/typeCompteTypeCarte/create",
					"host": [
						"localhost"
					],
					"port": "8080",
					"path": [
						"typeCompteTypeCarte",
						"create"
					]
				}
			},
			"response": []
		},
		{
			"name": "getByCriteria COMPTE&&CARTE",
			"request": {
				"method": "POST",
				"header": [
					{
						"key": "Authorization",
						"value": "Bearer eyJhbGciOiJIUzI1NiJ9.eyJpZCI6MTUsImxvZ2luIjoiY2hhcmx5Iiwic3ViIjoia2Fzc2kiLCJqdGkiOiIxNSIsImlhdCI6MTY1MjQzMTY0MiwiZXhwIjoxNjUyNDMzNDQyfQ.Zd3WSeTqX5DAm-sN4TNdaC3L7XcFKZCowXgqUpW9GW0",
						"type": "text"
					}
				],
				"body": {
					"mode": "raw",
					"raw": "{\r\n    \"data\":{}\r\n}",
					"options": {
						"raw": {
							"language": "json"
						}
					}
				},
				"url": {
					"raw": "localhost:8080/typeCompteTypeCarte/getByCriteria",
					"host": [
						"localhost"
					],
					"port": "8080",
					"path": [
						"typeCompteTypeCarte",
						"getByCriteria"
					]
				}
			},
			"response": []
		},
		{
			"name": "delete COMPTE&&CARTE",
			"request": {
				"method": "POST",
				"header": [
					{
						"key": "Authorization",
						"value": "Bearer eyJhbGciOiJIUzI1NiJ9.eyJpZCI6MTUsImxvZ2luIjoiY2hhcmx5Iiwic3ViIjoia2Fzc2kiLCJqdGkiOiIxNSIsImlhdCI6MTY1MjQzMTY0MiwiZXhwIjoxNjUyNDMzNDQyfQ.Zd3WSeTqX5DAm-sN4TNdaC3L7XcFKZCowXgqUpW9GW0",
						"type": "text"
					}
				],
				"body": {
					"mode": "raw",
					"raw": "{\r\n    \"datas\":[\r\n        {\r\n            \"id\": 24\r\n        }\r\n    ]\r\n}",
					"options": {
						"raw": {
							"language": "json"
						}
					}
				},
				"url": {
					"raw": "localhost:8080/typeCompteTypeCarte/delete",
					"host": [
						"localhost"
					],
					"port": "8080",
					"path": [
						"typeCompteTypeCarte",
						"delete"
					]
				}
			},
			"response": []
		},
		{
			"name": "update COMPTE&&CARTE",
			"request": {
				"method": "PUT",
				"header": [
					{
						"key": "Authorization",
						"value": "Bearer eyJhbGciOiJIUzI1NiJ9.eyJpZCI6MTUsImxvZ2luIjoiY2hhcmx5Iiwic3ViIjoia2Fzc2kiLCJqdGkiOiIxNSIsImlhdCI6MTY1MjQzMTY0MiwiZXhwIjoxNjUyNDMzNDQyfQ.Zd3WSeTqX5DAm-sN4TNdaC3L7XcFKZCowXgqUpW9GW0",
						"type": "text"
					}
				],
				"body": {
					"mode": "raw",
					"raw": "{\r\n    \"datas\":[\r\n        {\r\n            \"id\":12,\r\n            \"typeCarteId\": 23\r\n        }\r\n    ]\r\n}",
					"options": {
						"raw": {
							"language": "json"
						}
					}
				},
				"url": {
					"raw": "localhost:8080/typeCompteTypeCarte/update",
					"host": [
						"localhost"
					],
					"port": "8080",
					"path": [
						"typeCompteTypeCarte",
						"update"
					]
				}
			},
			"response": []
		},
		{
			"name": "create CLIENT",
			"request": {
				"method": "POST",
				"header": [],
				"body": {
					"mode": "raw",
					"raw": "{\r\n    \"datas\":[\r\n        {\r\n            \"nom\":\"Trah\",\r\n            \"prenoms\":\"Lou\",\r\n            \"code\":\"divine\"\r\n        }\r\n    ]\r\n}",
					"options": {
						"raw": {
							"language": "json"
						}
					}
				},
				"url": {
					"raw": "localhost:8080/client",
					"host": [
						"localhost"
					],
					"port": "8080",
					"path": [
						"client"
					]
				}
			},
			"response": []
		},
		{
			"name": "delete CLIENT",
			"request": {
				"method": "POST",
				"header": [],
				"body": {
					"mode": "raw",
					"raw": "{\r\n    \"data\":{\r\n        \"id\":1\r\n    }\r\n}",
					"options": {
						"raw": {
							"language": "json"
						}
					}
				},
				"url": {
					"raw": "localhost:8080/client/delete",
					"host": [
						"localhost"
					],
					"port": "8080",
					"path": [
						"client",
						"delete"
					]
				}
			},
			"response": []
		},
		{
			"name": "force delete CLIENT",
			"request": {
				"method": "POST",
				"header": [],
				"body": {
					"mode": "raw",
					"raw": "{\r\n    \"data\":{\r\n        \"id\":1\r\n    }\r\n}",
					"options": {
						"raw": {
							"language": "json"
						}
					}
				},
				"url": {
					"raw": "localhost:8080/client/forceDelete",
					"host": [
						"localhost"
					],
					"port": "8080",
					"path": [
						"client",
						"forceDelete"
					]
				}
			},
			"response": []
		},
		{
			"name": "getByCriteria CLIENT",
			"request": {
				"method": "POST",
				"header": [],
				"body": {
					"mode": "raw",
					"raw": "{\r\n    \"data\":{\r\n    }\r\n}",
					"options": {
						"raw": {
							"language": "json"
						}
					}
				},
				"url": {
					"raw": "localhost:8080/client/getByCriteria",
					"host": [
						"localhost"
					],
					"port": "8080",
					"path": [
						"client",
						"getByCriteria"
					]
				}
			},
			"response": []
		},
		{
			"name": "update CLIENT",
			"request": {
				"method": "PUT",
				"header": [],
				"body": {
					"mode": "raw",
					"raw": "{\r\n    \"datas\":[\r\n        {\r\n            \"id\":1,\r\n            \"code\":\"grace\"\r\n        }\r\n    ]\r\n}",
					"options": {
						"raw": {
							"language": "json"
						}
					}
				},
				"url": {
					"raw": "localhost:8080/client",
					"host": [
						"localhost"
					],
					"port": "8080",
					"path": [
						"client"
					]
				}
			},
			"response": []
		},
		{
			"name": "force delete AGENCE",
			"request": {
				"method": "POST",
				"header": [],
				"body": {
					"mode": "raw",
					"raw": "{\r\n    \"datas\":[\r\n        {\r\n            \"id\": 2\r\n        }\r\n    ]\r\n}",
					"options": {
						"raw": {
							"language": "json"
						}
					}
				},
				"url": {
					"raw": "localhost:8080/agence/forceDelete",
					"host": [
						"localhost"
					],
					"port": "8080",
					"path": [
						"agence",
						"forceDelete"
					]
				}
			},
			"response": []
		}
	]
}